Track URI,Track Name,Album Name,Artist Name(s),Release Date,Duration (ms),Popularity,Explicit,Added By,Added At,Genres,Record Label,Danceability,Energy,Key,Loudness,Mode,Speechiness,Acousticness,Instrumentalness,Liveness,Valence,Tempo,Time Signature
spotify:track:1u13aCgd6aurUwkuUu4vR3,"Red Rocking Chair","Red Rocking Chair","All Them Witches",2026-02-06,388466,49,false,5op6n8m1bwvyoy5vmgyzgjnp2,2026-02-06T05:11:00Z,"stonerrock,stoner metal,neo-psychedelisch,psychedelische rock,spacerock,sludge metal,bluesrock","BMG Rights Management (US) LLC",0.231,0.502,2,-6.991,0,0.0293,0.0181,0.668,0.0925,0.0403,84.244,4
spotify:track:2aiwiJHFVoYovc9rnQFIl2,"Mama Is a Shining Star","Mama Is a Shining Star","All Them Witches",2022-12-30,636760,18,false,5op6n8m1bwvyoy5vmgyzgjnp2,2022-12-31T01:14:56Z,"stonerrock,stoner metal,neo-psychedelisch,psychedelische rock,spacerock,sludge metal,bluesrock","All Them Witches",0.105,0.274,5,-12.954,1,0.0468,0.237,0.948,0.334,0.0389,78.342,4
spotify:track:1W0jtNJnnjN6rD1aw4dG5T,"Real Hippies Are Cowboys","Real Hippies Are Cowboys","All Them Witches",2022-12-30,481202,24,false,5op6n8m1bwvyoy5vmgyzgjnp2,2022-12-31T01:15:08Z,"stonerrock,stoner metal,neo-psychedelisch,psychedelische rock,spacerock,sludge metal,bluesrock","All Them Witches",0.524,0.868,7,-6.822,1,0.0354,0.00163,0.763,0.466,0.126,122.133,4
spotify:track:3qJR5VbYOrz1zBGx4iMpEe,"Hush, I'm on TV","Hush, I'm on TV","All Them Witches",2022-11-25,304319,29,false,5op6n8m1bwvyoy5vmgyzgjnp2,2022-12-31T01:15:18Z,"stonerrock,stoner metal,neo-psychedelisch,psychedelische rock,spacerock,sludge metal,bluesrock","All Them Witches",0.23,0.919,9,-6.18,0,0.0915,0.0000083,0.733,0.145,0.271,160.095,4
spotify:track:0bzG4EttOxUdHDT4rFQxP7,"Holding Your Breath Across the River","Holding Your Breath Across the River","All Them Witches",2022-10-28,385658,29,false,5op6n8m1bwvyoy5vmgyzgjnp2,2022-10-28T16:27:27Z,"stonerrock,stoner metal,neo-psychedelisch,psychedelische rock,spacerock,sludge metal,bluesrock","All Them Witches",0.404,0.497,10,-10.087,1,0.0263,0.0301,0.911,0.139,0.175,98.084,4
spotify:track:0aQpkTdFY2WYJSbdyGlHHO,"Tour Death Song","Tour Death Song","All Them Witches",2022-09-30,297471,35,true,5op6n8m1bwvyoy5vmgyzgjnp2,2022-10-28T16:27:57Z,"stonerrock,stoner metal,neo-psychedelisch,psychedelische rock,spacerock,sludge metal,bluesrock","All Them Witches",0.388,0.638,0,-8.639,1,0.0326,0.00164,0.0153,0.106,0.143,130.91,3
spotify:track:24yldSMrr0gf7P3VOHMrrj,"Tiger's Pit","Tiger's Pit","All Them Witches",2022-08-26,295626,32,false,5op6n8m1bwvyoy5vmgyzgjnp2,2022-08-30T18:15:31Z,"stonerrock,stoner metal,neo-psychedelisch,psychedelische rock,spacerock,sludge metal,bluesrock","All Them Witches",0.434,0.903,7,-5.224,1,0.0852,0.000028,0.898,0.0887,0.151,106.015,4
spotify:track:17n9fW7F96WW1geUp1UZI3,"6969 WXL THE CAGE","6969 WXL THE CAGE","All Them Witches",2022-07-29,315958,19,true,5op6n8m1bwvyoy5vmgyzgjnp2,2022-08-30T18:15:28Z,"stonerrock,stoner metal,neo-psychedelisch,psychedelische rock,spacerock,sludge metal,bluesrock","All Them Witches",0.622,0.764,11,-7.104,0,0.0564,0.0445,0.823,0.92,0.247,153.428,4
spotify:track:2VO0kA8zIwG14cTDfPOGIH,"L'hotel Serein","L'hotel Serein","All Them Witches",2022-06-24,252363,38,false,5op6n8m1bwvyoy5vmgyzgjnp2,2022-08-30T18:15:25Z,"stonerrock,stoner metal,neo-psychedelisch,psychedelische rock,spacerock,sludge metal,bluesrock","All Them Witches",0.478,0.579,10,-7.107,1,0.0261,0.0252,0.107,0.649,0.355,158.008,3
spotify:track:4LpHEjCyGMPHn2KCGRdqss,"Acid Face","Acid Face","All Them Witches",2022-05-27,1078990,21,false,5op6n8m1bwvyoy5vmgyzgjnp2,2022-05-27T14:49:13Z,"stonerrock,stoner metal,neo-psychedelisch,psychedelische rock,spacerock,sludge metal,bluesrock","All Them Witches",0.396,0.855,9,-7.352,0,0.032,0.0252,0.821,0.128,0.258,124.014,4
spotify:track:0jeGXYYnHs6yqlEYQ2Opcw,"Slow City","Slow City","All Them Witches",2022-04-29,756368,21,false,5op6n8m1bwvyoy5vmgyzgjnp2,2022-04-29T15:08:52Z,"stonerrock,stoner metal,neo-psychedelisch,psychedelische rock,spacerock,sludge metal,bluesrock","All Them Witches",0.463,0.578,7,-6.273,1,0.0392,0.0612,0.949,0.14,0.22,109.183,4
spotify:track:4LCVroEB1yhIruBNXspuXP,"Silver To Rust","Silver To Rust","All Them Witches",2022-03-25,568231,23,false,5op6n8m1bwvyoy5vmgyzgjnp2,2022-03-25T14:44:20Z,"stonerrock,stoner metal,neo-psychedelisch,psychedelische rock,spacerock,sludge metal,bluesrock","All Them Witches",0.325,0.762,4,-6.136,0,0.0597,0.00813,0.636,0.216,0.119,112.361,4
spotify:track:1YTUrUTe0rKmOIzkx4lYTa,"Blood And Sand / Milk And Endless Waters - Live","Live On The Internet","All Them Witches",2022-03-18,583278,0,false,5op6n8m1bwvyoy5vmgyzgjnp2,2022-03-18T14:51:48Z,"stonerrock,stoner metal,neo-psychedelisch,psychedelische rock,spacerock,sludge metal,bluesrock","New West Records",0.277,0.675,2,-8.831,1,0.0446,0.00178,0.603,0.151,0.0392,150.341,4
spotify:track:1b5O9NRDHPgBNsk5a2cMnb,"Dirt Preachers - Live","Live On The Internet","All Them Witches",2022-03-18,244609,0,false,5op6n8m1bwvyoy5vmgyzgjnp2,2022-03-18T14:51:48Z,"stonerrock,stoner metal,neo-psychedelisch,psychedelische rock,spacerock,sludge metal,bluesrock","New West Records",0.285,0.567,5,-8.211,1,0.0307,0.00173,0.126,0.175,0.132,138.786,3
spotify:track:1XUZ36nay6sdBskEIvf6yf,"Saturnine & Iron Jaw - Live","Live On The Internet","All Them Witches",2022-03-18,300512,0,false,5op6n8m1bwvyoy5vmgyzgjnp2,2022-03-18T14:51:48Z,"stonerrock,stoner metal,neo-psychedelisch,psychedelische rock,spacerock,sludge metal,bluesrock","New West Records",0.441,0.795,7,-8.601,0,0.0407,0.00464,0.601,0.124,0.172,141.519,4
spotify:track:2UP2hneoWInMKmM4Bm7MRf,"41 - Live","Live On The Internet","All Them Witches",2022-03-18,332147,0,false,5op6n8m1bwvyoy5vmgyzgjnp2,2022-03-18T14:51:48Z,"stonerrock,stoner metal,neo-psychedelisch,psychedelische rock,spacerock,sludge metal,bluesrock","New West Records",0.418,0.59,0,-8.548,0,0.0316,0.0126,0.663,0.109,0.286,123.749,4
spotify:track:0e3JaAOGOnJMBM36fa8FSw,"When God Comes Back - Live","Live On The Internet","All Them Witches",2022-03-18,221170,0,false,5op6n8m1bwvyoy5vmgyzgjnp2,2022-03-18T14:51:48Z,"stonerrock,stoner metal,neo-psychedelisch,psychedelische rock,spacerock,sludge metal,bluesrock","New West Records",0.254,0.702,5,-7.531,1,0.0417,0.000408,0.107,0.0838,0.396,160.414,4
spotify:track:5IxJq5IKPN13RFEpR4ipcA,"Alabaster - Live","Live On The Internet","All Them Witches",2022-03-18,453709,0,false,5op6n8m1bwvyoy5vmgyzgjnp2,2022-03-18T14:51:48Z,"stonerrock,stoner metal,neo-psychedelisch,psychedelische rock,spacerock,sludge metal,bluesrock","New West Records",0.438,0.601,10,-8.634,1,0.0369,0.0218,0.247,0.234,0.0852,127.107,4
spotify:track:1UUO9bGY0BQ8fA1MaZb9DD,"Diamond - Live","Live On The Internet","All Them Witches",2022-03-18,381894,0,false,5op6n8m1bwvyoy5vmgyzgjnp2,2022-03-18T14:51:48Z,"stonerrock,stoner metal,neo-psychedelisch,psychedelische rock,spacerock,sludge metal,bluesrock","New West Records",0.651,0.477,7,-9.075,1,0.041,0.0193,0.767,0.0967,0.363,127.702,4
spotify:track:0idXCno10hloklWp9ubXCI,"1X1 - Live","Live On The Internet","All Them Witches",2022-03-18,288086,0,false,5op6n8m1bwvyoy5vmgyzgjnp2,2022-03-18T14:51:48Z,"stonerrock,stoner metal,neo-psychedelisch,psychedelische rock,spacerock,sludge metal,bluesrock","New West Records",0.42,0.652,7,-7.381,1,0.0314,0.00659,0.395,0.139,0.219,73.317,4
spotify:track:3CSe8imrEHMTZeydL8ueTb,"3-5-7 - Live","Live On The Internet","All Them Witches",2022-03-18,222543,0,false,5op6n8m1bwvyoy5vmgyzgjnp2,2022-03-18T14:51:48Z,"stonerrock,stoner metal,neo-psychedelisch,psychedelische rock,spacerock,sludge metal,bluesrock","New West Records",0.325,0.708,5,-8.069,1,0.0332,0.0136,0.604,0.107,0.139,141.619,3
spotify:track:35b3oRBOdH2l4PfANhLlVD,"The Marriage Of Coyote Woman - Live","Live On The Internet","All Them Witches",2022-03-18,346932,0,false,5op6n8m1bwvyoy5vmgyzgjnp2,2022-03-18T14:51:48Z,"stonerrock,stoner metal,neo-psychedelisch,psychedelische rock,spacerock,sludge metal,bluesrock","New West Records",0.493,0.412,10,-10.428,1,0.0372,0.0287,0.225,0.0805,0.265,127.644,3
spotify:track:3txv8I7mmdUwrPj4M3JZAK,"Charles William - Live","Live On The Internet","All Them Witches",2022-03-18,348223,0,false,5op6n8m1bwvyoy5vmgyzgjnp2,2022-03-18T14:51:48Z,"stonerrock,stoner metal,neo-psychedelisch,psychedelische rock,spacerock,sludge metal,bluesrock","New West Records",0.421,0.705,9,-7.945,1,0.0444,0.00189,0.565,0.0925,0.264,76.217,4
spotify:track:4X8XYsffMXWPNEnOGm5yW2,"Rats in Ruin - Live","Live On The Internet","All Them Witches",2022-03-18,554289,0,false,5op6n8m1bwvyoy5vmgyzgjnp2,2022-03-18T14:51:48Z,"stonerrock,stoner metal,neo-psychedelisch,psychedelische rock,spacerock,sludge metal,bluesrock","New West Records",0.246,0.251,1,-12.597,1,0.028,0.048,0.79,0.11,0.0399,87.465,3
spotify:track:28pxJHlxOI2gOYuuqS8D97,"Open Passageways - Live","Live On The Internet","All Them Witches",2022-03-18,213831,0,false,5op6n8m1bwvyoy5vmgyzgjnp2,2022-03-18T14:51:48Z,"stonerrock,stoner metal,neo-psychedelisch,psychedelische rock,spacerock,sludge metal,bluesrock","New West Records",0.619,0.0454,9,-20.994,0,0.0446,0.981,0.0332,0.0848,0.149,81.692,4
spotify:track:4V6XYIh8ghlB0lPMl6wwlj,"Enemy of My Enemy - Live","Live On The Internet","All Them Witches",2022-03-18,212941,0,false,5op6n8m1bwvyoy5vmgyzgjnp2,2022-03-18T14:51:48Z,"stonerrock,stoner metal,neo-psychedelisch,psychedelische rock,spacerock,sludge metal,bluesrock","New West Records",0.348,0.847,0,-7.105,1,0.0462,0.00157,0.645,0.314,0.458,87.614,4
spotify:track:5IYRwN1l4actZGsNgBdFll,"Everest - Live","Live On The Internet","All Them Witches",2022-03-18,157636,0,false,5op6n8m1bwvyoy5vmgyzgjnp2,2022-03-18T14:51:48Z,"stonerrock,stoner metal,neo-psychedelisch,psychedelische rock,spacerock,sludge metal,bluesrock","New West Records",0.33,0.029,7,-21.332,0,0.061,0.988,0.335,0.127,0.0861,173.666,5
spotify:track:7c1NJOLGqloJSbAQyO3ZFu,"Bulls - Live","Live On The Internet","All Them Witches",2022-03-18,320250,0,false,5op6n8m1bwvyoy5vmgyzgjnp2,2022-03-18T14:51:48Z,"stonerrock,stoner metal,neo-psychedelisch,psychedelische rock,spacerock,sludge metal,bluesrock","New West Records",0.297,0.651,0,-8.25,1,0.0372,0.00322,0.583,0.121,0.0421,94.673,4
spotify:track:0x1KTwB4GZ6U22Kjtv1qBe,"Fall Into Place","Fall Into Place","All Them Witches",2022-02-25,207445,39,false,5op6n8m1bwvyoy5vmgyzgjnp2,2022-02-25T05:19:33Z,"stonerrock,stoner metal,neo-psychedelisch,psychedelische rock,spacerock,sludge metal,bluesrock","All Them Witches",0.232,0.276,6,-11.575,0,0.0338,0.803,0.726,0.106,0.0826,132.124,3
spotify:track:6FttMYQiHyM0lVZafG3eXO,"Blacksnake Blues","Blacksnake Blues","All Them Witches",2022-01-28,674000,41,false,5op6n8m1bwvyoy5vmgyzgjnp2,2022-01-28T06:18:48Z,"stonerrock,stoner metal,neo-psychedelisch,psychedelische rock,spacerock,sludge metal,bluesrock","All Them Witches",0.454,0.507,11,-6.014,0,0.032,0.161,0.197,0.0967,0.135,134.763,3
spotify:track:5vN9Ft5RbOi9Qtbtl9fQUm,"Saturnine & Iron Jaw","Nothing as the Ideal","All Them Witches",2020-09-04,409337,0,false,5op6n8m1bwvyoy5vmgyzgjnp2,2021-12-13T16:41:50Z,"stonerrock,stoner metal,neo-psychedelisch,psychedelische rock,spacerock,sludge metal,bluesrock","New West Records",0.327,0.642,0,-8.558,1,0.0379,0.183,0.725,0.052,0.11,142.651,4
spotify:track:7c9HLjnEAbNOwiwBR8qujq,"Enemy of My Enemy","Nothing as the Ideal","All Them Witches",2020-09-04,209643,0,false,5op6n8m1bwvyoy5vmgyzgjnp2,2021-12-13T16:41:50Z,"stonerrock,stoner metal,neo-psychedelisch,psychedelische rock,spacerock,sludge metal,bluesrock","New West Records",0.245,0.97,10,-5.319,0,0.0965,0.00121,0.854,0.317,0.311,178.956,4
spotify:track:4s02xGOs42LLjeqry5RTcY,"Everest","Nothing as the Ideal","All Them Witches",2020-09-04,127324,0,false,5op6n8m1bwvyoy5vmgyzgjnp2,2021-12-13T16:41:50Z,"stonerrock,stoner metal,neo-psychedelisch,psychedelische rock,spacerock,sludge metal,bluesrock","New West Records",0.337,0.0339,7,-20.217,0,0.0477,0.994,0.751,0.146,0.051,113.219,3
spotify:track:2TcPfJvoGglL1oSlKzZNw0,"See You Next Fall","Nothing as the Ideal","All Them Witches",2020-09-04,590007,0,false,5op6n8m1bwvyoy5vmgyzgjnp2,2021-12-13T16:41:50Z,"stonerrock,stoner metal,neo-psychedelisch,psychedelische rock,spacerock,sludge metal,bluesrock","New West Records",0.507,0.657,5,-8.211,1,0.0353,0.00324,0.736,0.0922,0.431,122.555,4
spotify:track:4HOYVuhI5K90f1XMcO7c4H,"The Children of Coyote Woman","Nothing as the Ideal","All Them Witches",2020-09-04,216370,0,false,5op6n8m1bwvyoy5vmgyzgjnp2,2021-12-13T16:41:50Z,"stonerrock,stoner metal,neo-psychedelisch,psychedelische rock,spacerock,sludge metal,bluesrock","New West Records",0.611,0.447,7,-8.695,1,0.026,0.767,0.00737,0.196,0.153,101.037,4
spotify:track:6L3qfBftLvlKn1abLExMgp,"41","Nothing as the Ideal","All Them Witches",2020-09-04,320350,0,false,5op6n8m1bwvyoy5vmgyzgjnp2,2021-12-13T16:41:50Z,"stonerrock,stoner metal,neo-psychedelisch,psychedelische rock,spacerock,sludge metal,bluesrock","New West Records",0.406,0.819,5,-6.8,0,0.0392,0.0134,0.504,0.371,0.25,123.763,1
spotify:track:1D9IY6MFewI7QKm8evG14k,"Lights Out","Nothing as the Ideal","All Them Witches",2020-09-04,193253,0,false,5op6n8m1bwvyoy5vmgyzgjnp2,2021-12-13T16:41:50Z,"stonerrock,stoner metal,neo-psychedelisch,psychedelische rock,spacerock,sludge metal,bluesrock","New West Records",0.331,0.928,11,-6.316,0,0.07,0.000769,0.587,0.0985,0.263,152.015,4
spotify:track:09sj8BTLbiF4hbOIJcwTgs,"Rats in Ruin","Nothing as the Ideal","All Them Witches",2020-09-04,550712,0,false,5op6n8m1bwvyoy5vmgyzgjnp2,2021-12-13T16:41:50Z,"stonerrock,stoner metal,neo-psychedelisch,psychedelische rock,spacerock,sludge metal,bluesrock","New West Records",0.201,0.217,1,-10.626,1,0.0326,0.186,0.888,0.0947,0.0378,84.199,4
spotify:track:1DJdqAJmS4zYs5x60Mp7Dj,"1X1","1X1","All Them Witches",2019-11-01,311536,0,false,5op6n8m1bwvyoy5vmgyzgjnp2,2021-12-13T16:43:45Z,"stonerrock,stoner metal,neo-psychedelisch,psychedelische rock,spacerock,sludge metal,bluesrock","New West Records",0.294,0.775,2,-6.806,1,0.0546,0.000305,0.682,0.0932,0.109,142.004,4
spotify:track:6LpUwWHCyzdhJugFeByaTO,"Fishbelly 86 Onions","ATW","All Them Witches",2018-09-28,362226,0,false,5op6n8m1bwvyoy5vmgyzgjnp2,2021-12-13T16:44:07Z,"stonerrock,stoner metal,neo-psychedelisch,psychedelische rock,spacerock,sludge metal,bluesrock","New West Records",0.202,0.839,7,-8,0,0.0845,0.0205,0.0792,0.0935,0.481,72.236,4
spotify:track:0uXydSmVXTOZ3Mx2z24BNi,"Workhorse","ATW","All Them Witches",2018-09-28,344200,0,false,5op6n8m1bwvyoy5vmgyzgjnp2,2021-12-13T16:44:07Z,"stonerrock,stoner metal,neo-psychedelisch,psychedelische rock,spacerock,sludge metal,bluesrock","New West Records",0.604,0.538,9,-11.028,0,0.0345,0.139,0.0136,0.169,0.366,96.969,3
spotify:track:1fnTk3ZrcWfBBpj6xfYEjk,"1st vs. 2nd","ATW","All Them Witches",2018-09-28,358413,0,false,5op6n8m1bwvyoy5vmgyzgjnp2,2021-12-13T16:44:07Z,"stonerrock,stoner metal,neo-psychedelisch,psychedelische rock,spacerock,sludge metal,bluesrock","New West Records",0.224,0.912,9,-8.345,1,0.0637,0.00767,0.4,0.107,0.315,153.338,4
spotify:track:3n2fRYNaGoDygheFYRJlNM,"Half-Tongue","ATW","All Them Witches",2018-09-28,275200,0,false,5op6n8m1bwvyoy5vmgyzgjnp2,2021-12-13T16:44:07Z,"stonerrock,stoner metal,neo-psychedelisch,psychedelische rock,spacerock,sludge metal,bluesrock","New West Records",0.378,0.593,5,-9.001,0,0.0486,0.175,0.0202,0.126,0.494,144.233,3
spotify:track:1zAx94fNMR725rsFiHPG7z,"Diamond","ATW","All Them Witches",2018-09-28,369533,0,false,5op6n8m1bwvyoy5vmgyzgjnp2,2021-12-13T16:44:07Z,"stonerrock,stoner metal,neo-psychedelisch,psychedelische rock,spacerock,sludge metal,bluesrock","New West Records",0.805,0.375,7,-11.743,1,0.0403,0.52,0.737,0.122,0.31,112.259,4
spotify:track:3RBHtu4YVda3IyT6nrNbsj,"Harvest Feast","ATW","All Them Witches",2018-09-28,645320,0,false,5op6n8m1bwvyoy5vmgyzgjnp2,2021-12-13T16:44:07Z,"stonerrock,stoner metal,neo-psychedelisch,psychedelische rock,spacerock,sludge metal,bluesrock","New West Records",0.383,0.448,5,-9.693,0,0.0301,0.473,0.558,0.112,0.251,128.746,3
spotify:track:7ic1C2JVjvBzSg4hcmEdW2,"HJTC","ATW","All Them Witches",2018-09-28,348146,0,false,5op6n8m1bwvyoy5vmgyzgjnp2,2021-12-13T16:44:07Z,"stonerrock,stoner metal,neo-psychedelisch,psychedelische rock,spacerock,sludge metal,bluesrock","New West Records",0.36,0.325,4,-9.93,1,0.0309,0.582,0.0318,0.125,0.0535,131.844,4
spotify:track:5c0wFA02QKv4M4rhAlGjBY,"Rob's Dream","ATW","All Them Witches",2018-09-28,411253,0,false,5op6n8m1bwvyoy5vmgyzgjnp2,2021-12-13T16:44:07Z,"stonerrock,stoner metal,neo-psychedelisch,psychedelische rock,spacerock,sludge metal,bluesrock","New West Records",0.349,0.433,7,-10.124,0,0.0366,0.179,0.792,0.103,0.24,112.175,4
spotify:track:2RQalqW1ehsPzjiRTJvtBZ,"Diamond - Radio Edit","Diamond","All Them Witches",2018-09-07,226107,0,false,5op6n8m1bwvyoy5vmgyzgjnp2,2021-12-13T16:44:20Z,"stonerrock,stoner metal,neo-psychedelisch,psychedelische rock,spacerock,sludge metal,bluesrock","New West Records",0.762,0.412,7,-10.916,1,0.0413,0.536,0.762,0.108,0.507,112.168,4
spotify:track:5pbFvRZ7uS8hkkAtbj5bvX,"Bulls","Sleeping Through The War","All Them Witches",2017-02-24,400853,0,false,5op6n8m1bwvyoy5vmgyzgjnp2,2021-12-13T16:44:31Z,"stonerrock,stoner metal,neo-psychedelisch,psychedelische rock,spacerock,sludge metal,bluesrock","New West Records",0.234,0.596,5,-6.869,1,0.0441,0.0397,0.739,0.0878,0.104,103.198,3
spotify:track:3yZTWTVXxETjdKk3OFfW2H,"Don't Bring Me Coffee","Sleeping Through The War","All Them Witches",2017-02-24,190333,0,false,5op6n8m1bwvyoy5vmgyzgjnp2,2021-12-13T16:44:31Z,"stonerrock,stoner metal,neo-psychedelisch,psychedelische rock,spacerock,sludge metal,bluesrock","New West Records",0.299,0.858,8,-5.346,1,0.16,0.0342,0.000176,0.0643,0.0767,127.459,4
spotify:track:38oXvVJjZZgnXkeEUDq3d2,"Bruce Lee","Sleeping Through The War","All Them Witches",2017-02-24,191440,0,false,5op6n8m1bwvyoy5vmgyzgjnp2,2021-12-13T16:44:31Z,"stonerrock,stoner metal,neo-psychedelisch,psychedelische rock,spacerock,sludge metal,bluesrock","New West Records",0.125,0.893,2,-5.864,0,0.0719,0.0128,0.000769,0.169,0.234,82.707,4
spotify:track:4BUEASj5EXzLGcpwHmYHQZ,"3-5-7","Sleeping Through The War","All Them Witches",2017-02-24,236693,0,false,5op6n8m1bwvyoy5vmgyzgjnp2,2021-12-13T16:44:31Z,"stonerrock,stoner metal,neo-psychedelisch,psychedelische rock,spacerock,sludge metal,bluesrock","New West Records",0.363,0.569,5,-7.653,1,0.0374,0.0064,0.251,0.102,0.256,129.318,3
spotify:track:6639kPw67cfz3rNHgAWhdr,"Am I Going Up?","Sleeping Through The War","All Them Witches",2017-02-24,333933,0,false,5op6n8m1bwvyoy5vmgyzgjnp2,2021-12-13T16:44:31Z,"stonerrock,stoner metal,neo-psychedelisch,psychedelische rock,spacerock,sludge metal,bluesrock","New West Records",0.532,0.611,7,-8.95,1,0.0271,0.00749,0.512,0.116,0.261,106.957,4
spotify:track:4CQwIJsYFk80DBWlwsDJGo,"Alabaster","Sleeping Through The War","All Them Witches",2017-02-24,417533,0,false,5op6n8m1bwvyoy5vmgyzgjnp2,2021-12-13T16:44:31Z,"stonerrock,stoner metal,neo-psychedelisch,psychedelische rock,spacerock,sludge metal,bluesrock","New West Records",0.513,0.887,0,-6.569,0,0.0566,0.135,0.00207,0.0997,0.512,117.481,4
spotify:track:22tzaNbItTQTF6vMnUghBj,"Cowboy Kirk","Sleeping Through The War","All Them Witches",2017-02-24,410506,0,false,5op6n8m1bwvyoy5vmgyzgjnp2,2021-12-13T16:44:31Z,"stonerrock,stoner metal,neo-psychedelisch,psychedelische rock,spacerock,sludge metal,bluesrock","New West Records",0.265,0.745,5,-6.092,1,0.0404,0.0116,0.0309,0.105,0.325,137.056,4
spotify:track:3lEiEgg1YeXVXj51mNnxla,"Internet","Sleeping Through The War","All Them Witches",2017-02-24,590200,0,false,5op6n8m1bwvyoy5vmgyzgjnp2,2021-12-13T16:44:31Z,"stonerrock,stoner metal,neo-psychedelisch,psychedelische rock,spacerock,sludge metal,bluesrock","New West Records",0.358,0.567,4,-7.322,0,0.0762,0.463,0.0683,0.25,0.23,125.638,4
spotify:track:1X51rz6EYfwYrWU3b9ECzU,"The Death Of Coyote Woman - Live","Live In Brussels","All Them Witches",2016-09-16,632639,0,false,5op6n8m1bwvyoy5vmgyzgjnp2,2021-12-13T16:45:28Z,"stonerrock,stoner metal,neo-psychedelisch,psychedelische rock,spacerock,sludge metal,bluesrock","New West Records",0.317,0.763,5,-7.988,1,0.0429,0.0773,0.46,0.234,0.0756,96.638,4
spotify:track:1Qmbxk9jnIGDOibZbCdrCq,"Funeral For A Great Drunken Bird - Live","Live In Brussels","All Them Witches",2016-09-16,186563,0,false,5op6n8m1bwvyoy5vmgyzgjnp2,2021-12-13T16:45:28Z,"stonerrock,stoner metal,neo-psychedelisch,psychedelische rock,spacerock,sludge metal,bluesrock","New West Records",0.126,0.879,5,-7.726,1,0.0405,0.00487,0.678,0.0913,0.126,153.195,3
spotify:track:6NzsLs6eSiXcG8U6TNiX7p,"When God Comes Back - Live","Live In Brussels","All Them Witches",2016-09-16,243902,0,false,5op6n8m1bwvyoy5vmgyzgjnp2,2021-12-13T16:45:28Z,"stonerrock,stoner metal,neo-psychedelisch,psychedelische rock,spacerock,sludge metal,bluesrock","New West Records",0.23,0.773,10,-8.192,1,0.0669,0.0208,0.0139,0.164,0.186,176.083,4
spotify:track:1A8BcGTD6fYeWs2o9Mx2xI,"Dirt Preachers - Live","Live In Brussels","All Them Witches",2016-09-16,193086,0,false,5op6n8m1bwvyoy5vmgyzgjnp2,2021-12-13T16:45:28Z,"stonerrock,stoner metal,neo-psychedelisch,psychedelische rock,spacerock,sludge metal,bluesrock","New West Records",0.237,0.856,5,-7.228,1,0.0962,0.0348,0.000138,0.293,0.184,75.467,4
spotify:track:6UA43ahYJR7uEmwhPCKOYQ,"The Marriage Of Coyote Woman - Live","Live In Brussels","All Them Witches",2016-09-16,314282,0,false,5op6n8m1bwvyoy5vmgyzgjnp2,2021-12-13T16:45:28Z,"stonerrock,stoner metal,neo-psychedelisch,psychedelische rock,spacerock,sludge metal,bluesrock","New West Records",0.454,0.547,2,-9.534,0,0.0306,0.333,0.579,0.211,0.456,130.249,3
spotify:track:4ZGUr2EpLruvxDRhhsotX4,"Elk.Blood.Heart - Live","Live In Brussels","All Them Witches",2016-09-16,369554,0,false,5op6n8m1bwvyoy5vmgyzgjnp2,2021-12-13T16:45:28Z,"stonerrock,stoner metal,neo-psychedelisch,psychedelische rock,spacerock,sludge metal,bluesrock","New West Records",0.378,0.613,9,-7.661,0,0.0487,0.323,0.0209,0.582,0.255,143.068,3
spotify:track:2x0nTZIFnLUuEQqZAqqvsR,"Call Me Star - Live","Live In Brussels","All Them Witches",2016-09-16,285750,0,false,5op6n8m1bwvyoy5vmgyzgjnp2,2021-12-13T16:45:28Z,"stonerrock,stoner metal,neo-psychedelisch,psychedelische rock,spacerock,sludge metal,bluesrock","New West Records",0.444,0.503,7,-7.899,1,0.0275,0.335,0.383,0.109,0.0828,76.203,4
spotify:track:2pr9clpYQYmKRHtxfgnvlo,"Open Passageways - Live","Live In Brussels","All Them Witches",2016-09-16,225374,0,false,5op6n8m1bwvyoy5vmgyzgjnp2,2021-12-13T16:45:28Z,"stonerrock,stoner metal,neo-psychedelisch,psychedelische rock,spacerock,sludge metal,bluesrock","New West Records",0.399,0.759,9,-8.219,0,0.122,0.335,0.0597,0.14,0.157,81.315,4
spotify:track:5y8Myuz9NLp0655ujw8QTc,"Talisman - Live","Live In Brussels","All Them Witches",2016-09-16,471674,0,false,5op6n8m1bwvyoy5vmgyzgjnp2,2021-12-13T16:45:28Z,"stonerrock,stoner metal,neo-psychedelisch,psychedelische rock,spacerock,sludge metal,bluesrock","New West Records",0.179,0.585,9,-6.673,0,0.0423,0.437,0.37,0.114,0.106,175.363,4
spotify:track:5sXdbzf76MpWJzt06YiwVS,"Blood And Sand / Milk And Endless Waters - Live","Live In Brussels","All Them Witches",2016-09-16,880666,0,false,5op6n8m1bwvyoy5vmgyzgjnp2,2021-12-13T16:45:28Z,"stonerrock,stoner metal,neo-psychedelisch,psychedelische rock,spacerock,sludge metal,bluesrock","New West Records",0.36,0.916,2,-6.036,1,0.0718,0.1,0.635,0.098,0.109,155.035,4
spotify:track:1qENviPNp13F72B0wT9IbX,"Mountain - Live","Live In Brussels","All Them Witches",2016-09-16,464330,0,false,5op6n8m1bwvyoy5vmgyzgjnp2,2021-12-13T16:45:28Z,"stonerrock,stoner metal,neo-psychedelisch,psychedelische rock,spacerock,sludge metal,bluesrock","New West Records",0.398,0.581,5,-7.605,1,0.0484,0.291,0.169,0.145,0.11,75.982,4
spotify:track:5cvMWC0z4T1Gfh0uCnsGVv,"Heavy/Like A Witch - Live","Live In Brussels","All Them Witches",2016-09-16,309024,0,false,5op6n8m1bwvyoy5vmgyzgjnp2,2021-12-13T16:45:28Z,"stonerrock,stoner metal,neo-psychedelisch,psychedelische rock,spacerock,sludge metal,bluesrock","New West Records",0.327,0.932,5,-4.929,1,0.0722,0.0946,0.252,0.0797,0.165,81.11,4
spotify:track:1HoQJ19AF6onxkFptNh0C0,"Charles William - Live","Live In Brussels","All Them Witches",2016-09-16,464282,0,false,5op6n8m1bwvyoy5vmgyzgjnp2,2021-12-13T16:45:28Z,"stonerrock,stoner metal,neo-psychedelisch,psychedelische rock,spacerock,sludge metal,bluesrock","New West Records",0.316,0.852,4,-7.195,0,0.189,0.262,0.0554,0.0954,0.136,81.608,4
spotify:track:3qV1dDiMJBjYpbj7vgrZEi,"My Middle Name Is The Blues - Live","Live In Brussels","All Them Witches",2016-09-16,674854,0,false,5op6n8m1bwvyoy5vmgyzgjnp2,2021-12-13T16:45:28Z,"stonerrock,stoner metal,neo-psychedelisch,psychedelische rock,spacerock,sludge metal,bluesrock","New West Records",0.501,0.809,7,-7.048,0,0.0419,0.203,0.296,0.127,0.214,140.155,4
spotify:track:73dwPm6yqBlKMUekCGDvdA,"Call Me Star","Dying Surfer Meets His Maker","All Them Witches",2015-10-30,234800,0,false,5op6n8m1bwvyoy5vmgyzgjnp2,2021-12-13T16:45:34Z,"stonerrock,stoner metal,neo-psychedelisch,psychedelische rock,spacerock,sludge metal,bluesrock","New West Records",0.591,0.422,7,-9.25,1,0.027,0.581,0.573,0.129,0.266,76.792,4
spotify:track:79f0VCHqbXTug5bBUtkhlH,"El Centro","Dying Surfer Meets His Maker","All Them Witches",2015-10-30,505066,0,false,5op6n8m1bwvyoy5vmgyzgjnp2,2021-12-13T16:45:34Z,"stonerrock,stoner metal,neo-psychedelisch,psychedelische rock,spacerock,sludge metal,bluesrock","New West Records",0.394,0.957,10,-7.426,0,0.0733,0.000868,0.678,0.101,0.214,111.963,4
spotify:track:4LrNgPVW0UYFzJ5ed2NKWN,"Dirt Preachers","Dying Surfer Meets His Maker","All Them Witches",2015-10-30,224613,0,false,5op6n8m1bwvyoy5vmgyzgjnp2,2021-12-13T16:45:34Z,"stonerrock,stoner metal,neo-psychedelisch,psychedelische rock,spacerock,sludge metal,bluesrock","New West Records",0.132,0.827,9,-6.222,0,0.0573,0.0956,0.00239,0.122,0.0649,169.995,4
spotify:track:0S2N9M6MojQAHTbQcsC5jv,"This Is Where It Falls Apart","Dying Surfer Meets His Maker","All Them Witches",2015-10-30,421906,0,false,5op6n8m1bwvyoy5vmgyzgjnp2,2021-12-13T16:45:34Z,"stonerrock,stoner metal,neo-psychedelisch,psychedelische rock,spacerock,sludge metal,bluesrock","New West Records",0.602,0.507,4,-10.448,0,0.0325,0.103,0.835,0.113,0.154,126.405,3
spotify:track:0P83dboRYIkaEo23HldoLh,"Mellowing","Dying Surfer Meets His Maker","All Them Witches",2015-10-30,190986,0,false,5op6n8m1bwvyoy5vmgyzgjnp2,2021-12-13T16:45:34Z,"stonerrock,stoner metal,neo-psychedelisch,psychedelische rock,spacerock,sludge metal,bluesrock","New West Records",0.383,0.398,7,-13.638,1,0.0306,0.796,0.812,0.375,0.412,135.065,4
spotify:track:1gIoIq3RF1wl3Pp6d1Clzb,"Open Passageways","Dying Surfer Meets His Maker","All Them Witches",2015-10-30,194013,0,false,5op6n8m1bwvyoy5vmgyzgjnp2,2021-12-13T16:45:34Z,"stonerrock,stoner metal,neo-psychedelisch,psychedelische rock,spacerock,sludge metal,bluesrock","New West Records",0.356,0.589,9,-8.248,0,0.0308,0.0376,0.6,0.194,0.2,155.995,4
spotify:track:2aXWmLWk0i3F9b9nT0sIVe,"Instrumental 2 (Welcome To The Caveman Future)","Dying Surfer Meets His Maker","All Them Witches",2015-10-30,152920,0,false,5op6n8m1bwvyoy5vmgyzgjnp2,2021-12-13T16:45:34Z,"stonerrock,stoner metal,neo-psychedelisch,psychedelische rock,spacerock,sludge metal,bluesrock","New West Records",0.33,0.662,7,-9.957,1,0.0368,0.334,0.889,0.108,0.0391,150.468,3
spotify:track:0s2K6BysAUBsTICAKQKOo5,"Talisman","Dying Surfer Meets His Maker","All Them Witches",2015-10-30,367253,0,false,5op6n8m1bwvyoy5vmgyzgjnp2,2021-12-13T16:45:34Z,"stonerrock,stoner metal,neo-psychedelisch,psychedelische rock,spacerock,sludge metal,bluesrock","New West Records",0.165,0.628,9,-8.039,0,0.0363,0.0502,0.773,0.377,0.0673,177.195,4
spotify:track:1oPmh1p5jJr8pRBdpT40lt,"Blood And Sand / Milk And Endless Waters","Dying Surfer Meets His Maker","All Them Witches",2015-10-30,440360,0,false,5op6n8m1bwvyoy5vmgyzgjnp2,2021-12-13T16:45:34Z,"stonerrock,stoner metal,neo-psychedelisch,psychedelische rock,spacerock,sludge metal,bluesrock","New West Records",0.389,0.789,2,-8.335,1,0.0315,0.119,0.789,0.0918,0.111,69.944,4
spotify:track:7nlpx8WqetDJkVuR03Bn5q,"Mountain (Live)","At the Garage","All Them Witches",2015-02-10,467644,16,false,5op6n8m1bwvyoy5vmgyzgjnp2,2021-12-13T16:45:41Z,"stonerrock,stoner metal,neo-psychedelisch,psychedelische rock,spacerock,sludge metal,bluesrock","All Them Witches",0.451,0.592,5,-8.143,1,0.0337,0.0257,0.344,0.128,0.187,141.538,4
spotify:track:3gUoiV9h97vo2SsasVvMNt,"Funeral for a Great Drunken Bird (Live)","At the Garage","All Them Witches",2015-02-10,242808,14,false,5op6n8m1bwvyoy5vmgyzgjnp2,2021-12-13T16:45:41Z,"stonerrock,stoner metal,neo-psychedelisch,psychedelische rock,spacerock,sludge metal,bluesrock","All Them Witches",0.207,0.546,5,-9.144,1,0.0337,0.000623,0.878,0.132,0.0618,109.068,5
spotify:track:3QPnQDCOwz3IPVzHK74VQs,"Marriage of Coyote Woman > Elk Blood Heart (Live)","At the Garage","All Them Witches",2015-02-10,708257,16,false,5op6n8m1bwvyoy5vmgyzgjnp2,2021-12-13T16:45:41Z,"stonerrock,stoner metal,neo-psychedelisch,psychedelische rock,spacerock,sludge metal,bluesrock","All Them Witches",0.352,0.508,2,-10.93,0,0.0349,0.0303,0.146,0.822,0.294,145.131,3
spotify:track:5mLMrqGpOHqeahtTnX9IlT,"When God Comes Back (Live)","At the Garage","All Them Witches",2015-02-10,201377,13,false,5op6n8m1bwvyoy5vmgyzgjnp2,2021-12-13T16:45:41Z,"stonerrock,stoner metal,neo-psychedelisch,psychedelische rock,spacerock,sludge metal,bluesrock","All Them Witches",0.248,0.853,5,-9.168,1,0.0684,0.00267,0.209,0.486,0.22,164.498,4
spotify:track:2xjvM48o7AW1ljoMGt6opD,"Charles William (Live)","At the Garage","All Them Witches",2015-02-10,375640,13,false,5op6n8m1bwvyoy5vmgyzgjnp2,2021-12-13T16:45:41Z,"stonerrock,stoner metal,neo-psychedelisch,psychedelische rock,spacerock,sludge metal,bluesrock","All Them Witches",0.362,0.633,4,-11.519,0,0.043,0.0129,0.493,0.67,0.167,82.003,4
spotify:track:0j7gZ1lYLzbaa5ftFCG6yN,"Death of Coyote Woman (Live)","At the Garage","All Them Witches",2015-02-10,728659,13,false,5op6n8m1bwvyoy5vmgyzgjnp2,2021-12-13T16:45:41Z,"stonerrock,stoner metal,neo-psychedelisch,psychedelische rock,spacerock,sludge metal,bluesrock","All Them Witches",0.264,0.629,10,-9.466,1,0.0366,0.1,0.8,0.299,0.122,163.311,4
spotify:track:2ObmvTAt3ejzd7nJVDoFE1,"Born Under a Bad Sign (Live)","At the Garage","All Them Witches",2015-02-10,344346,16,false,5op6n8m1bwvyoy5vmgyzgjnp2,2021-12-13T16:45:41Z,"stonerrock,stoner metal,neo-psychedelisch,psychedelische rock,spacerock,sludge metal,bluesrock","All Them Witches",0.415,0.707,4,-7.453,1,0.0324,0.00883,0.209,0.64,0.485,76.307,4
spotify:track:2TOrygKhwOt12Y1Roj6XuQ,"Bruce Lee","Bruce Lee","All Them Witches",2016-11-18,191440,0,false,5op6n8m1bwvyoy5vmgyzgjnp2,2021-12-13T16:46:00Z,"stonerrock,stoner metal,neo-psychedelisch,psychedelische rock,spacerock,sludge metal,bluesrock","New West Records",0.125,0.893,2,-5.864,0,0.0719,0.0128,0.000769,0.169,0.234,82.707,4
spotify:track:5hsp40h5nepN9AyMIBgPHm,"Effervescent","Effervescent","All Them Witches",2014-11-19,1516000,18,false,5op6n8m1bwvyoy5vmgyzgjnp2,2021-12-13T16:46:32Z,"stonerrock,stoner metal,neo-psychedelisch,psychedelische rock,spacerock,sludge metal,bluesrock","All Them Witches",0.328,0.399,7,-13.084,0,0.0333,0.7,0.905,0.0583,0.256,117.63,4
spotify:track:6tWsKU4I9sC2iFIYZzZ3G7,"Funeral For A Great Drunken Bird","Lightning At The Door","All Them Witches",2013-01-15,263613,0,false,5op6n8m1bwvyoy5vmgyzgjnp2,2021-12-13T16:46:16Z,"stonerrock,stoner metal,neo-psychedelisch,psychedelische rock,spacerock,sludge metal,bluesrock","New West Records",0.199,0.717,5,-9.818,1,0.0448,0.0643,0.49,0.111,0.0341,129.841,3
spotify:track:2EvUjCWg5zeaeKxGeOaHPh,"When God Comes Back","Lightning At The Door","All Them Witches",2013-01-15,213493,0,false,5op6n8m1bwvyoy5vmgyzgjnp2,2021-12-13T16:46:16Z,"stonerrock,stoner metal,neo-psychedelisch,psychedelische rock,spacerock,sludge metal,bluesrock","New West Records",0.306,0.937,8,-8.014,1,0.117,0.000177,0.0119,0.0864,0.218,157.345,4
spotify:track:3SSAeecv84iCOlUCaVPifM,"The Marriage Of Coyote Woman","Lightning At The Door","All Them Witches",2013-01-15,349613,0,false,5op6n8m1bwvyoy5vmgyzgjnp2,2021-12-13T16:46:16Z,"stonerrock,stoner metal,neo-psychedelisch,psychedelische rock,spacerock,sludge metal,bluesrock","New West Records",0.426,0.395,9,-8.653,0,0.0314,0.133,0.039,0.113,0.258,126.103,3
spotify:track:1uFvdtmB1b9j2SIUlTOfNi,"Swallowed By The Sea","Lightning At The Door","All Them Witches",2013-01-15,502866,0,false,5op6n8m1bwvyoy5vmgyzgjnp2,2021-12-13T16:46:16Z,"stonerrock,stoner metal,neo-psychedelisch,psychedelische rock,spacerock,sludge metal,bluesrock","New West Records",0.252,0.625,5,-10.701,0,0.0429,0.0248,0.0232,0.0694,0.0412,88.266,4
spotify:track:5RFxXhOOTnNkrKyP9Mjb8L,"Charles William","Lightning At The Door","All Them Witches",2013-01-15,345119,0,false,5op6n8m1bwvyoy5vmgyzgjnp2,2021-12-13T16:46:16Z,"stonerrock,stoner metal,neo-psychedelisch,psychedelische rock,spacerock,sludge metal,bluesrock","New West Records",0.425,0.704,2,-8.544,1,0.045,0.00775,0.013,0.0975,0.0901,151.424,4
spotify:track:4dlgPGZ8ankqnrG9YnfGIW,"The Death Of Coyote Woman","Lightning At The Door","All Them Witches",2013-01-15,491999,0,false,5op6n8m1bwvyoy5vmgyzgjnp2,2021-12-13T16:46:16Z,"stonerrock,stoner metal,neo-psychedelisch,psychedelische rock,spacerock,sludge metal,bluesrock","New West Records",0.278,0.588,10,-10.722,0,0.0325,0.00188,0.447,0.154,0.184,167.276,4
spotify:track:3DZ1PuqLRM2sQGIXRZFkFt,"Romany Dagger","Lightning At The Door","All Them Witches",2013-01-15,166119,0,false,5op6n8m1bwvyoy5vmgyzgjnp2,2021-12-13T16:46:16Z,"stonerrock,stoner metal,neo-psychedelisch,psychedelische rock,spacerock,sludge metal,bluesrock","New West Records",0.454,0.83,8,-9.551,1,0.0546,0.000353,0.000735,0.0397,0.589,118.047,4
spotify:track:7oF4ei4189AOKZoxwDkHMU,"Mountain","Lightning At The Door","All Them Witches",2013-01-15,377239,0,false,5op6n8m1bwvyoy5vmgyzgjnp2,2021-12-13T16:46:16Z,"stonerrock,stoner metal,neo-psychedelisch,psychedelische rock,spacerock,sludge metal,bluesrock","New West Records",0.39,0.493,1,-10.415,1,0.0366,0.00408,0.0493,0.0887,0.21,137.302,4
spotify:track:6vBTnVeCFeIOJNHnQ9zPj0,"Romany Dagger (Remended)","Lightning At The Door","All Them Witches",2013-01-15,256243,0,false,5op6n8m1bwvyoy5vmgyzgjnp2,2021-12-13T16:46:16Z,"stonerrock,stoner metal,neo-psychedelisch,psychedelische rock,spacerock,sludge metal,bluesrock","New West Records",0.276,0.889,8,-6.549,1,0.0659,0.018,0.0613,0.103,0.184,118.129,4
spotify:track:4NkoSEz36hCX3rlUowsXue,"Surface-To-Air Whistle","Lightning At The Door","All Them Witches",2013-01-15,378705,0,false,5op6n8m1bwvyoy5vmgyzgjnp2,2021-12-13T16:46:16Z,"stonerrock,stoner metal,neo-psychedelisch,psychedelische rock,spacerock,sludge metal,bluesrock","New West Records",0.364,0.717,2,-9.745,1,0.0317,0.00476,0.766,0.12,0.611,155.284,4
spotify:track:3N02rdKYcUq6nabDpCRv7v,"Heavy/Like a Witch","Our Mother Electricity","All Them Witches",2012-12-07,347875,43,false,5op6n8m1bwvyoy5vmgyzgjnp2,2021-12-13T16:46:21Z,"stonerrock,stoner metal,neo-psychedelisch,psychedelische rock,spacerock,sludge metal,bluesrock","Elektrohasch",0.323,0.903,0,-6.537,1,0.125,0.00249,0.571,0.104,0.255,152.827,4
spotify:track:5DURZTFDFu8bQMU0Ik2om8,"The Urn","Our Mother Electricity","All Them Witches",2012-12-07,217500,35,false,5op6n8m1bwvyoy5vmgyzgjnp2,2021-12-13T16:46:21Z,"stonerrock,stoner metal,neo-psychedelisch,psychedelische rock,spacerock,sludge metal,bluesrock","Elektrohasch",0.382,0.826,7,-5.569,1,0.0497,0.0000207,0.571,0.12,0.52,119.817,4
spotify:track:3NcJLTtUsQbmkzOAZDcrRL,"Bloodhounds","Our Mother Electricity","All Them Witches",2012-12-07,210756,32,false,5op6n8m1bwvyoy5vmgyzgjnp2,2021-12-13T16:46:21Z,"stonerrock,stoner metal,neo-psychedelisch,psychedelische rock,spacerock,sludge metal,bluesrock","Elektrohasch",0.266,0.873,6,-5.573,1,0.125,0.00322,0.462,0.189,0.476,173.594,4
spotify:track:6TusJoMuyFkdc1dP7a9uXt,"Guns","Our Mother Electricity","All Them Witches",2012-12-07,265625,34,false,5op6n8m1bwvyoy5vmgyzgjnp2,2021-12-13T16:46:21Z,"stonerrock,stoner metal,neo-psychedelisch,psychedelische rock,spacerock,sludge metal,bluesrock","Elektrohasch",0.312,0.836,9,-6.75,0,0.0405,0.0165,0.902,0.08,0.418,75.787,4
spotify:track:5PMpxJQfyrMPTfdEmyohky,"Elk.Blood.Heart","Our Mother Electricity","All Them Witches",2012-12-07,352073,40,false,5op6n8m1bwvyoy5vmgyzgjnp2,2021-12-13T16:46:21Z,"stonerrock,stoner metal,neo-psychedelisch,psychedelische rock,spacerock,sludge metal,bluesrock","Elektrohasch",0.425,0.437,2,-8.133,0,0.0354,0.0732,0.00242,0.32,0.137,131.795,3
spotify:track:7aRgFtaZN7iO3GcClRNoEM,"Until It Unwinds","Our Mother Electricity","All Them Witches",2012-12-07,513451,26,false,5op6n8m1bwvyoy5vmgyzgjnp2,2021-12-13T16:46:21Z,"stonerrock,stoner metal,neo-psychedelisch,psychedelische rock,spacerock,sludge metal,bluesrock","Elektrohasch",0.322,0.868,2,-6.284,1,0.0574,0.0125,0.846,0.145,0.427,143.056,4
spotify:track:6Otfykjo9ZjRvUzbjwPEUk,"Easy","Our Mother Electricity","All Them Witches",2012-12-07,250840,30,false,5op6n8m1bwvyoy5vmgyzgjnp2,2021-12-13T16:46:21Z,"stonerrock,stoner metal,neo-psychedelisch,psychedelische rock,spacerock,sludge metal,bluesrock","Elektrohasch",0.457,0.546,2,-7.249,1,0.0273,0.288,0.329,0.108,0.0839,130.886,4
spotify:track:1yqY69NQtv4KiR2p8rcLR2,"Family Song for the Leaving","Our Mother Electricity","All Them Witches",2012-12-07,225414,26,false,5op6n8m1bwvyoy5vmgyzgjnp2,2021-12-13T16:46:21Z,"stonerrock,stoner metal,neo-psychedelisch,psychedelische rock,spacerock,sludge metal,bluesrock","Elektrohasch",0.414,0.309,2,-15.196,1,0.0279,0.408,0.0111,0.138,0.0987,80.364,4
spotify:track:4KmF9vLhT886a79woNJXWd,"Right Hand","Our Mother Electricity","All Them Witches",2012-12-07,353250,39,false,5op6n8m1bwvyoy5vmgyzgjnp2,2021-12-13T16:46:21Z,"stonerrock,stoner metal,neo-psychedelisch,psychedelische rock,spacerock,sludge metal,bluesrock","Elektrohasch",0.31,0.691,5,-6.545,1,0.0364,0.00607,0.743,0.104,0.338,137.901,3
spotify:track:3aLEiYCj0Tn8Ib3uItqDCq,"I Can't Even See Myself (Bonus)","Our Mother Electricity","All Them Witches",2012-12-07,191751,26,false,5op6n8m1bwvyoy5vmgyzgjnp2,2021-12-13T16:46:21Z,"stonerrock,stoner metal,neo-psychedelisch,psychedelische rock,spacerock,sludge metal,bluesrock","Elektrohasch",0.362,0.857,0,-4.051,1,0.0716,0.017,0.0018,0.332,0.42,91.185,4
